Consent2,experimental_missings,_v7,_v8,_v9,SCREEN10_Experiment1_DO_Control,ResponseId,RecordedDate
2,4,NA,NA,NA,NA,R_1Pb2pRZCdK7xxKD,2022-05-18T16:53:40Z
2,4,NA,NA,NA,NA,R_3Jq4pwJipeSblEz,2022-05-18T16:54:07Z
2,4,NA,NA,NA,NA,R_3qqUr78rfwKOyPA,2022-05-18T16:55:52Z
2,4,NA,NA,NA,NA,R_2dg6FTvFR44CFVv,2022-05-18T16:56:51Z
2,4,NA,NA,NA,NA,R_3e4dyYaoO3rumtm,2022-05-18T17:12:22Z
2,4,NA,NA,NA,NA,R_3KCNBI8W40XWICJ,2022-05-18T17:21:52Z
2,4,NA,NA,NA,NA,R_2SwvgPU4ou8MSAp,2022-05-18T17:26:03Z
2,4,NA,NA,NA,NA,R_BXjG9P5va9e0s9z,2022-05-18T17:30:34Z
2,4,NA,NA,NA,NA,R_3hFS07XwLU9qcty,2022-05-18T17:46:26Z
