"","pid","Q3"
"1","155959113","Hockey"
"2","1594229624","Racisim"
"3","1539165380","reducing deficits"
"4","157011869","dont know"
"5","1968234201","covid recovery"
"6","1482898539","stop spending money that we don't have."
"7","1483560060","making sure the liberal party loses official party status"
"8","167712207","tertyuio"
"9","1483520289","Economy"
"10","1716982689","rents too high"
"11","1484269365","Getting rid of Doug Ford."
"12","108058122","Health care"
"13","1482897986","Unequal pay"
"14","171196936","Gas prices"
"15","1482900043","Covid 19"
"16","1482987847","Jobs."
"17","2007235937","I haven't decided"
"18","185519839","Nothing really i cant do anything about it and elections are a joke anyways"
"19","1384101594","Medical, hospital surgeries being way brhind"
"20","158351242","They are going in the right direction."
"21","164929923","Inflation. Health care workers safety, housing, environment"
"22","1483472174","health care and care for seniors"
"23","1483057119","Cost of libing"
"24","185334214","Healthcare, more nurses and LTC homes."
"25","188443467","Doug Ford"
"26","129001608","Not thinking there is anyone i would consider voting for."
"27","1711746523","inflation"
"28","156451142","to vote"
"29","119897169","Na"
"30","112489976","Catching up on surgery that was postponed"
"31","1605434447","The increasing wealth gap"
"32","173936455","Cost of living"
"33","1985157540","COST OF LIVING"
"34","1483795914","housing costs"
"35","1513928887","HOUSING PRICING - TOO HIGH"
"36","115967686","Increase income for the poor and disabled"
"37","121071017","Removing bill 124 for nurses"
"38","126707472","inflation"
"39","470809","Stability and low taxes"
"40","1483219756","Bringing Covid-19 under better control."
"41","150052145","Health Care"
"42","152911995","Affordable housing"
"43","155596647","To afford a home"
"44","142201251","Cost of living"
"45","1969045555","Affordable housing"
"46","129943998","Living costs"
"47","1581474731","The cost of living"
"48","416716","Affordable housing"
"49","8341837","Economic recover after pandemic"
"50","1484205456","income equality"
"51","1746215219","Cost of living in Northern Ontario"
"52","169000225","Cost of living"
"53","38543024","Getting control of provincial debt and deficits."
"54","154365065","Climate change"
"55","30673102","Rising inflation"
"56","171607038","More affordable housing"
"57","96262600","Why they support Trudeau and the ridiculous mandates"
"58","117901515","Healthcare in Canada"
"59","1846222258","rising inflation"
"60","1994205214","Affordable housing"
"61","189771608","The unaffordable housing market"
"62","80233726","Lower cost of living and taxes"
"63","132970999","the cost of living  inflation"
"64","30702288","cost of living"
"65","172762502","That the right person gets elected."
"66","30767911","Inflation"
"67","153791610","The rising cost of living"
"68","30511430","cost of living, healthcare, affordable housing"
"69","1727107836","The rising prices of goods and services"
"70","1987525585","Inflation"
"71","1881509062","The state of the economy"
"72","150928726","Cost of living"
"73","189347294","idk"
"74","182141995","Housing and employment"
"75","98223154","Education"
"76","150667198","I dont know"
"77","145090803","Healthcare"
"78","30549201","Housing issue"
"79","149884396","Affordable  housing"
"80","1721297106","healthcare"
"81","30541115","Economy"
"82","50276261","Government overreach"
"83","159111253","Climate change"
"84","30517369","Inflation"
"85","30710367","Climate"
"86","159535980","Medical issues"
"87","30503463","For this upcoming provincial election, the most important issue to me is inflation, specifically the high increases on food, gas and housing costs."
"88","188718424","Race"
"89","149099764","Old age pensions for seniors"
"90","30685855","health care"
"91","47294342","Personal Freedom, eliminating vaccine mandates (especially federally) and housing costs."
"92","30508602","Healthcare"
"93","83834293","Taxes"
"94","30607453","Seniors"
"95","185492179","Housing and employment"
"96","170260282","That leaders are corrupt"
"97","149569586","Healthcare"
"98","1821609713","health care"
"99","1715757288","long term care homes"
"100","139479880","Health care"
"101","159589212","Housing property going up"
"102","129675472","seniors"
"103","30531478","Corruption from every candidate. LIES"
"104","50183417","Affoedability for middle class"
"105","185283534","Mandates"
"106","166159622","education"
"107","60061380","Job availablility"
"108","173365749","Taxes"
"109","30484638","Deficit"
"110","30650184","Addressing the rising cost of living"
"111","103866629",""
"112","128062894","Health Care"
"113","184665986","Cost of living"
"114","1816563599","Cost of living"
"115","170146110","Health Care"
"116","117276279","inflation"
"117","30518484","Affordable living"
"118","30533352","the higher cost of living"
"119","130858940","Taxes and inflation"
"120","184616220","life cost"
"121","1713727460","keeping Conservatives in Office"
"122","100850871","Inflation and senior care"
"123","1914160217","covid"
"124","163751285","Cost of living"
"125","119217046","inflation"
"126","174965853","housing issues"
"127","106154990","Inflation"
"128","30647137","Restarting the economy"
"129","30548394","The total lack of the government being held accountable"
"130","2004941009","cost of living"
"131","134959284","Health"
"132","150342731","Class sizes"
"133","30586974","the environment"
"134","184565914","wait list for surgeries that are backlogged"
"135","190025188","I do not know"
"136","137428200","Inflation"
"137","30643900","Can't think of anything"
"138","190827361","health care"
"139","18811065","Housing affordability"
"140","188627440",""
"141","1713212144","Housing cost"
"142","30496142","cost of living"
"143","30527764","Proverty"
"144","30708429","Covid"
"145","185514954","Housing"
"146","1897239776","BETTER HOSPITAL CARE AND SERVICES"
"147","1664000675","Cost of living, inflation"
"148","30524499","house affordability and availability"
"149","30517221","The rising cost of groceries & gasoline"
"150","146671547","Cost of living"
"151","1999690313","crime in general"
"152","146378466","Cost of living"
"153","181721737","Fight against radicalization"
"154","188697839","Rental housing price. Buying a home price"
"155","158664679","Affordability of housing, groceries, gas, and clothing etc...."
"156","189063182","Inflation"
"157","1717279741","housing"
"158","185446374","The cost of living for seniors"
"159","98228200","Covid-19 handling"
"160","61019183","COST OF LIVING"
"161","1815996239","Healthcare"
"162","154530277","COST OF LIVING"
"163","123970375","Helping with homelessness"
"164","188147489","Affordable housing"
"165","188502110","Honestly"
"166","30524760","Quick access to quality health care"
"167","188075952","Cost of living"
"168","30509268","Disabled and senior poverty."
"169","94708144","gas prices and inflation"
"170","109146399","Choose the right person"
"171","129012197","cost of living"
"172","30646965","Housing affordability"
"173","149160348","Inflation"
"174","68873541","Strong government making sound economic decisions."
"175","190732667","N/A"
"176","187629169","Health services"
"177","1766733524","Housing, Indigenous sovereignty"
"178","1985985668","The cost of living"
"179","30481342","cost of living"
"180","144500466","COST OF LIVING"
"181","190121631","Tax"
"182","30851706","the continuing rise in the cost of living driven by outside international forces"
"183","30835240","Fix this country.  The cost of living is too high and fix the climate."
"184","1694919075","Removing mandatory vaccination"
"185","1890462092","healthcare"
"186","162114828","Financial help for the elderly"
"187","117403787","Inflation"
"188","30483982","HEALTH CARE"
"189","155243270","Health care"
"190","30611973","The outrageous rising cost of living for fixed income seniors and the way all the parties ignore this very real problem"
"191","67388450","Inflation"
"192","30553788","Raising ODSP payments"
"193","172170769","i'm indifferent"
"194","190833716","Traffic congestion"
"195","105351165","Repeal bill 124"
"196","185299836","healthcare"
"197","142015898","as a senior income and affordability"
"198","30577097","Clearing up the whole healthcare debacle."
"199","188723286","Healthcare"
"200","178839395","that the people would vote the  proper person for the job. personally,"
"201","122550968","Covidp"
"202","30552623","Affordable Housing"
"203","189145983","We need a leader who doesnt partake in special interests. We need a leader who will get our jobs back after this terrble mandate policy. We need a leader who will bring justice and get rid of all the corrupt  people that are taking kick backs to lie. A leader who will get rid of the corrupt doctors and lawyers who are part of all this nonsense going on in the world."
"204","164033281","Corrupt government"
"205","1263134497","Not enough jobs"
"206","176686295","Good"
"207","1171972231","inflation"
"208","1644582627","ok"
"209","1483439115","Healthcare"
"210","1483161070","Health"
"211","153218827","Inflation"
"212","1884829391","Cost of living"
"213","187427154","Cost of living, health care for seniors"
"214","1483564488","The Economy"
"215","1483808993","healthcare"
"216","1483232808","For the people not the popular way"
"217","1934161347","pandemic"
"218","21684278","Health and education."
"219","1482946296","dk"
"220","1790579603","doug Ford"
"221","1484326522","cost of living"
"222","1514399703","Jon Creation"
"223","2000348436","Inflation"
"224","57968805","Social support"
"225","108486976","The economy and jobs"
"226","155771254","Housing costs"
"227","1713314135","I don’t know"
"228","28889318","Great sustainable services"
"229","132731985","Housing"
"230","1483251413","prices going up"
"231","1616991758","Price of living"
"232","1635498813","economy"
"233","1934940725","Economy"
"234","38519541","The government deficit"
"235","1913266024","Inflation"
"236","140226109","Inflation"
"237","165213498","Getting drugs off the streets"
"238","30522849","Climate change"
"239","190120781","Housing"
"240","189906346","Getting rid of Trudeau"
"241","1713346542","Inflation and the rising cost of basic necessities like food and groceries."
"242","30601998","Heathcare"
"243","30718274","very high tax rates"
"244","30507122","The Environment"
"245","105374157","climate change"
"246","50188751","employment"
"247","144459544","Drug addiction/mental health"
"248","185315936","Poverty"
"249","109310222","Mental Health"
"250","190044298","Not sure"
"251","77942637","Affordable housing"
"252","30555481","cost of living"
"253","171990988","Hun control"
"254","33568402","2"
"255","177867983","Recovery of the economy"
"256","30586308","Economy/inflation"
"257","184610479","Government over reach"
"258","30525077","Seniors and Long Term Care"
"259","30523255","Politics responsibility"
"260","191377078","Odsp pay increase"
"261","1890495227","Affordable healthcare for everyone"
"262","39583256","Better living wages"
"263","175899303","Racism"
"264","188188443","Housing affordability"
"265","30596888","drug addiction"
"266","176543803","Re-education"
"267","186947551","Economy"
"268","190042138","telling the truth"
"269","1756278265","Covid"
"270","30551671","Poverty"
"271","126436736","Education"
"272","1914454979","Affordable housing"
"273","1888447296","the truth is to lie to you"
"274","32738544","Reconciliation with the indigenous"
"275","178192803","Housing"
"276","186893180","Immigration"
"277","1735994056","long term care"
"278","176981379","Jobs"
"279","67787327","The most important issue is the rising cost of food and fuel."
"280","113880406","Health"
"281","30521113","the rising cost of food"
"282","145060708","Cost of living"
"283","125117477","Low odsp payment"
"284","174728224","Ending hunger and poverty and homelessness in general"
"285","30504733","seniors benefits and the cost of living"
"286","126158876","Infrastructure"
"287","1922505377","Healthcare"
"288","30598544","Sensible government and not just big businesses interest."
"289","30512008","TAXES"
"290","30575383","Housing affordability"
"291","30545203","Rising cost of living."
"292","138479893","Affordable housing"
"293","30506066","Taxes"
"294","30559470","Health and dental care for seniors"
"295","182787457","That the right person is elected"
"296","30889957","affordable housing"
"297","176791048","Climate change"
"298","30549859","healthcare funding"
"299","103729260","Making life affordable for the lower income people"
"300","172985308","Climate"
"301","158194507","No"
"302","30774851","Mandates"
"303","30573673","immigration"
"304","183986561","taxes"
"305","1963395329","Income inequality"
"306","30734134","inflation"
"307","102132174","COST OF LIVING"
"308","31540407",""
"309","177934198","Social services"
"310","57324188","Timely availability of health care"
"311","30650873","We need best government for restore economy."
"312","178071186","Care of the Elderly"
"313","191455146","Choosing what is right for my future"
"314","172799229","Affordability"
"315","30776804","Childcare"
"316","80725589","Climate change"
"317","30650883","Stopping highway 413"
"318","114543183","trudeau losing"
"319","30624711","Improving health care"
"320","2003941365","Inflation"
"321","1740332581","EQUALITY MAN &WOMEN"
"322","30833228","Cost of living"
"323","48376021","cost of living"
"324","30518280","Senior pentions"
"325","155689996","Affordable rent"
"326","30518366","affordable housing"
"327","189267096","Affordable Housing"
"328","30691885","Restoration and improvement of the healthcare system"
"329","1666391614","the environment"
"330","184719999","Healthcare"
"331","38089560","affordable housing for all"
"332","30699975","Balancing the budget"
"333","106250068","taxes and increasing cost of living"
"334","30735032","affortable housing"
"335","184611833","To vote for someone who wont ruin this province."
"336","167193337","I feel like the liberals and NDP get together and overrule and the conservatives"
"337","30550126","To get off of fossil fuels and on to renewables"
"338","191456434","Lower taxes"
"339","168682098","Quality, speed, and affordability of Healthcare"
"340","30567507","Inflation"
"341","30575332","Inflation"
"342","30483373","Seniors"
"343","180150865","balancing the budget"
"344","163040768","Basic Cost of living and hours of working"
"345","172208672","The main issue is taxes on each items"
"346","126831054","Housing costs"
"347","184584284","crime"
"348","1910931478","Cost of living"
"349","30648671","Cost of living"
"350","1739725838","economy"
"351","132692236","Inflation"
"352","30489308","senior care"
"353","30641484","housing"
"354","191461268","The constant increase in cost of living."
"355","54341888","senior healthcare"
"356","157476475","Cost of living"
"357","30879531","Inflation and the economy."
"358","24776304","Economy"
"359","30490943","Cost of living including affordable housing"
"360","190274692","idk"
"361","150397314","Handling of Covid"
"362","30513630","healthcare"
"363","191459086","Healtcate taxes cost of living senior care gas prices"
"364","137879162","Long term care"
"365","189047698","Let  the house  price getting lower"
"366","30672210","cost of living"
"367","108469234","jobs"
"368","172165031","Health care"
"369","184384069","Mental health issues"
"370","155549875","Hdhdg"
"371","179664478","The health care system"
"372","154171720","Housing"
"373","30577882","housing"
"374","131440302","Affordable housing"
"375","126872820","Cost of groceries and gas"
"376","30556745","Healthcare"
"377","30511373","Long Term Care for Seniors"
"378","1847630577","affordable daily living - inflation -poverty- affordable rent"
"379","1691931314","Cost of Living"
"380","30577477","Healthcare"
"381","184509836","Racism"
"382","30845470","climate change"
"383","153938967","Cost of living"
"384","30506943","Inflation and cost of living"
"385","184504219","Climate"
"386","32195040","Affordable housing"
"387","164082589","Health care"
"388","132160303","Cost of living"
"389","30710132","I want the disabled who can not work to have increase in what they get each month."
"390","30636868","Inflation"
"391","30541940","cost of living"
"392","187320952","Minimum wages"
"393","39567924","Cost of living"
"394","30506415","Cost of living"
"395","31646734","affordable housing"
"396","1989160554","Pharmacare"
"397","30527329","The environment"
"398","30572527","Environment"
"399","30579225","inflation"
"400","30506016","Health care"
"401","184813286","Healthcare and immigration"
"402","30522951","lower gas, food prices and taxes"
"403","158931348","Inflation"
"404","30614622","Jobs and education"
"405","30613131","Cost of living"
"406","30485416","cost of living"
"407","160523031","health care"
"408","13213736","Wages"
"409","93926354","climate change"
"410","1711257163","cost of living"
"411","190493788","Affordable housing"
"412","30497732","goverment spending"
"413","71217455","Climate change"
"414","30553109","How far communist the Parties are leaning."
"415","30576048","healthcare"
"416","77229565","Healthcare"
"417","30501858","Climate Change"
"418","39886110","Cost of living. You need to make it law that all companies increase wages/salaries to keep up with inflation. Everyone gets 10% increase. Just don't give the damn execs their 100 million bonuses or signing deal THAT THEY DON'T EVEN NEED BECAUSE THEY ARE ALREADY RICH, and it should cover the workers! Why are people so greedy!"
"419","30486890","Inflation"
"420","175099598","Crime"
"421","189933640","healthcare"
"422","127465513","Cost of living"
"423","30617991","Cost of living"
"424","169308548",""
"425","70595272","Lower Taxes"
"426","159524693","government transparency and accountability"
"427","150620996","housing affordability"
"428","122061039","Gasoline"
"429","62162497","Safe affordable housing."
"430","30564547","senior care"
"431","30484183","Cost of Housing"
"432","68762946","have more opportunities for immigrants"
"433","30488319","doug ford winning"
"434","108532163","climate change"
"435","30504642","Poverty"
"436","30556054","improvement of healthcare"
"437","189329266","inflation"
"438","191478677","doug ford"
"439","30664895","The rising prices."
"440","30557424","Healthcare"
"441","189751220","Tax saving"
"442","30490062","To get rid of Doug ford. He’s a con man who has kept no promises"
"443","30601389","Lowering taxes"
"444","1693131298","Making living costs way more affordable"
"445","126694245","Economic growth"
"446","157400910","Environment and COVID"
"447","188713463","Health care and education"
"448","48596207","climate change"
"449","2005906044","Housing"
"450","30691831","Controlling further spread of Covid"
"451","30714767","Climate Change"
"452","116117675","Affordable housing"
"453","136629229","wages"
"454","190470395","change"
"455","1765047645","senior benefits"
"456","139007319","Health care"
"457","161096894","The cost of living"
"458","30594889","Great rid of ford"
"459","177217181","Honesty and integrity and representing and working for the peoples' best interest and for big business"
"460","184465913","Affordable Housing"
"461","158996387","To make gas prices to go down and inflation to stop."
"462","186773939","Cost of Living"
"463","190839268","Escoger un candidato eficiente y proactivo"
"464","82664092","AFORDABLE HOUSING"
"465","141502097","Autism.  My son is on the spectrum"
"466","30491383","Covid"
"467","30563891","inflation and the cost of living"
"468","1861641182","Climate change and the proposed new highways"
"469","30641191","Fighting inflation"
"470","30490833","not sure"
"471","162279249","Not sure ."
"472","18598821","Doug Ford getting the boot"
"473","189418325","immigration concerns"
"474","1693391026","Ok"
"475","30676803","The status of our health care system in Ontario."
"476","30646729","healthcare"
"477","1949005557","INFLATION AND AFFORDABILITY OF NECESSITIES"
"478","126939715","The cost of living and inflation"
"479","123273368","The most important issue to me personally is housing affordability"
"480","94591350","Housing"
"481","87470798","Job"
"482","165906031","inflation"
"483","166463757","Housing"
"484","88015628","Housing affordability"
"485","30490794","Education"
"486","30569745","Cost of Living"
"487","165472198","cost of living"
"488","30713597","Who wins  and who can be trusted."
"489","179629753","Opening bussines"
"490","82758648","The economy progress to be more successful for the population to prosper in being able to to live."
"491","153052949","Climate change"
"492","30882839","Reducing the debt."
"493","170744390","none"
"494","159410664","cost of living, inflation"
"495","30612519","Climate change"
"496","139965001","Housing"
"497","1954166578","Affordability"
"498","187467170","Cost of living"
"499","1712725174","dont know"
"500","185885471","Earnings/tax ratio fairness"
"501","189448858","Mandates and charter of rights"
"502","30624901","FINDING POPEL JOBS"
"503","188390323","housing affordability"
"504","27731694","Inflation"
"505","30522474","Health care"
"506","30514698","Health"
"507","30501929","firing Ford"
"508","162066836","Cost of living ie. housing"
"509","30554741","Getting health care back o  its feet"
"510","30484412","senior support"
"511","104826917","Reducing poverty"
"512","85991035","Lying"
"513","30519939","Living costs"
"514","125003119","Inflation and government overspending on unecessay highways."
"515","190063388","equality"
"516","42350459","NA"
"517","186079507","Cost of living"
"518","188598541","Taxes"
"519","158193577","perfer not to answer"
"520","30645006","routing out corruption in government"
"521","102027629","cost of living"
"522","30663258","Inflation"
"523","187306854","We are not a free country anymore"
"524","30577989","The cost of living"
"525","190500117","Housing prices"
"526","30509606","Preserving conservative values"
"527","30636737","Protecting the Environment and the climate change"
"528","34047121","Taxes and cost of living"
"529","30504926","change"
"530","1778797890","Immigration"
"531","30637888","Cost of living"
"532","30522973","inflation"
"533","71101161","taxes"
"534","1744198275","Inequality"
"535","30732139","Inflation, i need a codt of living raise to keep up with rates."
"536","30645337","Low cost housing"
"537","30510361","Being fair to all people, not just those in business."
"538","181881264",""
"539","30567673","Houses avalibality"
"540","190044208","Covid"
"541","106251984","None"
"542","30495464","Cost of Living"
"543","30848080","affordable housing"
"544","171405920","More job opportunities in the transit sector"
"545","30509484","The unbelievable speaking of our government"
"546","30654054","Cost of Living"
"547","145272849","Food and housing costs"
"548","30519080","Housing affordability"
"549","30714384","Healthcare for Seniors"
"550","30551078","inflation prices"
"551","174189396","Inequalities with people on disability"
"552","183988740","The rise of real estate market"
"553","182808960","All the people that are trying to live on a very small amount of money  every month just because they can't work doesn't mean we right them off"
"554","168781154","Economy"
"555","30503784","affordable housing"
"556","30487520","health care"
"557","68981488","Inflation and taxes"
"558","143325823","Healthcare."
"559","30548310","gun violence"
"560","187494634","Environment"
"561","176735381","Сost of living, gas prices"
"562","151326983","Jobs for people with mental problems"
"563","149252907","White supremacy and racism threatening Canadian values of diversity and upholding  human rights."
"564","131365272","Very satisfy"
"565","161068315","Cost of living"
"566","188465594","Affordable Daycare and more child care availability"
"567","159221389","Don't know who to vote for"
"568","178453961","Inflation"
"569","130855854","Health care...c9vid"
"570","190720146","Housing and immigration"
"571","180384547","cost of living"
"572","30544613","cost of housing is a major concern, can't afford to move as a senior on pension"
"573","188969139","Harder for immigrants to succeed"
"574","30685585","The most important issue to me is how to fix the healthcare and education systems."
"575","1711224609","Jobs economy"
"576","1924271853","health care"
"577","",""
"578","","public goods"
"579","156428465","Mask mandates"
"580","1483335895","Money"
"581","192218545","EVERY THING"
"582","163985537","Better government"
"583","112467960","covid"
"584","157509650","Affordable Living"
"585","1715052114","health care funding"
"586","161673026","Climate change/environmental issues"
"587","118731631","Hahe"
"588","1369109146","taxes"
"589","118744745","Higher welfare"
"590","133471438","Housing"
"591","192225998","Fair rent laws"
"592","191149085",""
"593","1483557057","Climate change"
"594","170707107","Affordable housing"
"595","190040138","None"
"596","179597519",""
"597","133348899","Racism"
"598","160126109",""
"599","187420700","N/A"
"600","118748178","Can’t remember"
"601","128852578","Inflation, affordability"
"602","119031740","Tax"
"603","142618537","Everything"
"604","1895701543","inflation"
"605","192038264","Cost of living"
"606","136707711","Fair housing"
"607","1651362868","Not sure"
"608","1483548203","pandemic"
"609","1917654738","Inflation"
"610","192247255","II est à aider les personnes"
"611","83450357",""
"612","119204933","Poverty"
"613","1483371156","taxes"
"614","49454027","Covid"
"615","178547619","Housing for seniors"
"616","155838382","The economy"
"617","155867494","none"
"618","1483483285","Taxes"
"619","1483513520","economy"
"620","1483559166","not for the general welfare of the general public but for the rich and developers and the politicians own agenda"
"621","192214893","none"
"622","192281549","I'm very satisfied."
"623","166866027","House affordability"
"624","1483532826","Inflation"
"625","169579984","yes"
"626","1483544689","elder care"
"627","1483428309","Ontario disability support"
"628","1484549494","housing security"
"629","1483454464","Housing prices"
"630","1637843909","affordable housing"
"631","157533027","Cost of living"
"632","155884773","Housing"
"633","1351944924","long term care and education"
"634","192306451",""
"635","1483206665","Inflation"
"636","119880539","Jobs"
"637","192312497","you personally"
"638","1886295174","Affordable housing and reduction of auto insurance,"
"639","185853299","Healthcare"
"640","1857037602","Dealing with homelessness"
"641","123945619","cost of the living"
"642","1483544106","Fighting corruption"
"643","192318121","honnête et direct"
"644","169930183","Home prices"
"645","1079003968","DEFICIT"
"646","1483652034","Environment"
"647","1483555028","N/a"
"648","1483206542",""
"649","1483451375","covid 19"
"650","192331294","the issue in the election is the issue of gender equality"
"651","1483450347","Cost of Living"
"652","192348385","important"
"653","1541724254",""
"654","157646350","None"
"655","1150785183","Better education system."
"656","190872433","Vite"
"657","192365292"," you personally"
"658","155930876","Economy"
"659","1578636002","The cost of living and reducing taxes"
"660","1483393082","job"
"661","192348543","you personally"
"662","34887250","Cost of living and housing affordability"
"663","1135315506","Refugees"
"664","1692347","LONG TERM CARE HOMES"
"665","108927397","taxes"
"666","143027710","None"
"667","119379491","Lack of words"
"668","1727502341","climate change"
"669","1851642243","Inflation, housing affordibiity"
"670","161116682","Affordable housing & food costs"
"671","169811506","taxes"
"672","1482946894","Cost of living"
"673","192389877","Economy"
"674","127073308","Taxes"
"675","153853028","Cost of food and housing"
"676","118724987","Economy"
"677","119116299","Inflation"
"678","162585434","Transit"
"679","118726979","I don't know"
"680","192406909","Cost to live"
"681","192490434","BACKGROUND"
"682","1917721851","Inflation and jobs"
"683","1138731691","cost of living"
"684","1483527327","Healthcare"
"685","1077818741","Cost of living"
"686","1483513366","Guu"
"687","1483414349","new people"
"688","1077899480","Honesty"
"689","1482897949","Environment and Animal Welfare"
"690","1662939880","Crime"
"691","130043080","Healthcare"
"692","154188597","Now things are very expensive"
"693","192534387","Minimum wage"
"694","127699910","Economy"
"695","183431735","Inflation"
"696","192532370","1"
"697","1574410647","cost of living"
"698","1739210932","senior care"
"699","192536902","is important"
"700","1483161961","health care"
"701","1968597024","The Covid pandemic."
"702","103662581","Inflation"
"703","192543178","you personally"
"704","192543059","you personally"
"705","156142805","Too much taxes"
"706","1483485093","economy"
"707","1582509901","Economy"
"708","1972983460","healthcare"
"709","1483549291","the economy"
"710","1483235591","Deficit"
"711","192571884","Very pleased."
"712","1483485093","economy"
"713","1483233462","The environment"
"714","1648663127","Indigenous rights"
"715","1483239768","Housing affordability"
"716","185930836","N/A"
"717","192578052","you personally"
"718","1483473506","Housing"
"719","192590010","you personally"
"720","1483216035","Education"
"721","1483450944","Inflation"
"722","1483461900","affordable housing for seniors"
"723","1483230713","Inflation"
"724","155926530","None"
"725","190023202","Healthcare"
"726","1483471803","Climate"
"727","155912807","Taxes"
"728","1759067473","To make affordable housing and acknowledge disabled incomes"
"729","166016353","Taxes"
"730","1483557529","health care"
"731","1466035737","Health care"
"732","162418823","jobs & the economy"
"733","88631530","Climate change"
"734","192599496","Housing, student debt"
"735","1759084890","Economy and growth in good paying jobs"
"736","1482889953","Economy"
"737","192622602","you personally"
"738","1125712172","healthcare"
"739","1132326643","cost of living"
"740","1626047376","Inflation cost of living"
"741","1768768049","Post COVID-19, health, economic, and social recovery"
"742","1483115920","Crime and gun control"
"743","1482974838","Climate Change"
"744","139530965","Inflation and the rising costs of necessities"
"745","1559729887","The firing of Doug Ford"
"746","1483478125","inflation"
"747","1483117353","COVID19"
"748","1483065610","SKY ROCKETING PRICES"
"749","1483559120","Government capped the front line workers wage ,it us really not enough for today living expend."
"750","192646196","you personally"
"751","155776054","Money"
"752","1483383218","cost of living"
"753","54598026","Nothing"
"754","1942539661","Cost of living"
"755","1482980360","long term care"
"756","1483544867","Working very well"
"757","162460932","The high cost of living"
"758","1490591286","Health care"
"759","1483522889","That the results reflect the population"
"760","192658272","AMAZON"
"761","157742642","Healthcare"
"762","1990615884","COVID"
"763","1754550473","Inflation control."
"764","157534293","inflation"
"765","192661189","Taxes/Money out of my pocket"
"766","57989332","taxes"
"767","1483444960","Lowering taxes"
"768","165895242","Jobs, living expenses"
"769","192354613","End health and vaccine mandates"
"770","1483560496","Economy"
"771","1483231337","good lider"
"772","1483340631","Economy"
"773","192555814","Care for indegenous families and environments."
"774","1483487710","Long-term care"
"775","175336382","Inflation and cost of living"
"776","1482896693","Cost of living while on a pension."
"777","1318063355","cost of living"
"778","1483564473","crime"
"779","1515867956","being on top of it"
"780","1132408711","Housing"
"781","1483238759","economy"
"782","1968902247","inflation"
"783","1483552315","Healthcare"
"784","1483355167","economy"
"785","1483419418","seniors care"
"786","1504405296","democracy working out"
"787","126883499",""
"788","1810002376","Housing cost and inflation."
"789","1483550634","economy and debt"
"790","1323821933","Change"
"791","192668672","Inflation"
"792","123649847","Taxes"
"793","48670812","Poverty"
"794","1079035978","nothing"
"795","191649949","Homelessness and money"
"796","127307364","covid"
"797","1561144891","Cost of living"
"798","1969709810","ALLOW THE PEOPLE THEIR FREEDOMS, REDUCE THE GOVERNMENT MANDATES AND RESTRICTIONS AND OVER TAXING / OVERSPENDING."
"799","183508069","Being able to afford groceries"
"800","1654296338","roconciliation with indegenous people"
"801","1484551370","more money for those on ODSP"
"802","1532703508","Controlling Covid-19"
"803","1482941492","no clue, don't follow politics"
"804","102625199","deficit and debt"
"805","183632560","guns, drugs, gangs"
"806","1483108938","Cost of living and health care"
"807","192739964","healthcare"
"808","178827150","Cost of living"
"809","192003133","loss of jobs"
"810","185096582","Healthcare"
"811","1649282949","Crime"
"812","106511853","Inflation"
"813","2014909165","inflation/increase in cost of living"
"814","191547502","The economy"
"815","1579292850","employment"
"816","1483565506","inflation"
"817","1483394159","our personal freedoms"
"818","1484205050","Covid 19"
"819","140120148","Better health care for Northern Ontarian"
"820","189845916","Freedom"
"821","180947793","honesty"
"822","119754885","COVID-19"
"823","128492382","Inflation"
"824","118898191","Inflation"
"825","120925936","Equality"
"826","1569573580",""
"827","175331004","db dbd do"
"828","119997267","Equality"
"829","119015433","Too many to count"
"830","192772463","Human rights"
"831","118734186","Taxes"
"832","118996747","Too much immigration"
"833","159482504","Ndp being elected"
"834","1542540028","climate change"
"835","118938508","Nhh"
"836","161385808","That someone wins who is going to keep their word and now takes away things that help people out"
"837","119397419","Economy"
"838","186855115","CRA"
"839","1996021209","odsp"
"840","1483458936","Health care"
"841","1994798684","Affordable housing"
"842","1717384922","Crime"
"843","138627137","Housing"
"844","1630407560","Crime"
"845","192866581","Food"
"846","1482897976","global warming"
"847","106787875","Muslim immigration"
"848","1665104512","the decline of health care"
"849","1376245960","Dental benefits"
"850","1973731224","crime"
"851","155893162","Tax"
"852","1363832810","inflation"
"853","1483222512","healthcare"
"854","131892351","Education"
"855","1635199959","Inflation"
"856","121067663","peace and order"
"857","128544603","The democracy"
"858","170502059","Inflation"
"859","124469137","Covid"
"860","151237065","Trusting the candidates"
"861","1769248342","Housing affordability"
"862","1483713224","Inflation"
"863","51364595","tyranny"
"864","1079041875","All forms of Health Care..."
"865","190164623","Cost of living"
"866","156147035","Keeping Doug Ford in office"
"867","171274738","Having access to basic universal health care"
"868","191562565","2"
"869","121933617","Merry merry birthday merry merry happy happy merry birthday merry"
"870","122705031","Poverty and raising social assistance rates"
"871","1930381724","senior care and  taxes"
"872","150895852","Cost of living"
"873","124011129","Affordability"
"874","151108129","Housing"
"875","192970331","Cost of living"
"876","1851229604","Jobs"
"877","192242230",""
"878","1237114247",""
"879","118902547","Balancing the budget and getting the economy moving"
"880","193050201","Da odsp funding"
"881","193076456","Thank"
"882","120009795","Treadue"
"883","1483564920","Healthcare"
"884","193072230","Lower rent and gas prices"
"885","1483557570","healthcare"
"886","173398269","health care"
"887","182090529","Inflation"
"888","130572265","Gas prices and inflation"
"889","158585980","Cost of living"
"890","128811890","The immigrations"
"891","1484267803","health care"
"892","153640367","The economy"
"893","1483170005","Rising inflation/Healthcare."
"894","192636472","Little information"
"895","1482896030","health care"
"896","1968247187","Gun violence"
"897","1483235860","Economy and defecit"
"898","1483563493","Health improvements"
"899","1658537017","Health care"
"900","128469672","Cost of things"
"901","1944589707","health"
"902","1279444064","reducing the cost of living"
"903","1483549231","Housing"
"904","1593270954"," Cost of living for seniors"
"905","1633189929","none"
"906","1482951091","cost of living"
"907","1482898182","MP’s and MPP’’s not being able to vote on behalf of their ridings, but rather having to vote the party line."
"908","1530485162","healthcare"
"909","1483553027","economy, price gets lower"
"910","180446137","I dont know yet"
"911","1813375513","Cost of living"
"912","141664169","Economy"
"913","193210938","social programs to alleviate poverty"
"914","192966229","Education"
"915","14296993",""
"916","1713822769","Climate change"
"917","183475472","Cost of living and housing crisis"
"918","5532852","get back to freedom and stop vaccine mandates and policies"
"919","1483498287","Climate.  Change"
"920","1483530749","Affordable housing"
"921","105896100","ODSP rates"
"922","1457745583","Seniors"
"923","1345905255","covid"
"924","1482897508","Get Doug Ford out of office"
"925","1483554062",""
"926","193307975","Cost of living"
"927","1079022380","Getting Ford's government out and a new government in so they can fix what Ford broke"
"928","1483241148","Housing Affordability"
"929","1483427718","Elderly abuse"
"930","1482893268","politacal honesty and compromise"
"931","1482894005","Inequality"
"932","1483529409","inflation"
"933","1483234987","Housing affortabilty"
"934","192804695","affordable housing"
"935","1576339652","Covid 19 ends"
"936","141699466","Inflation"
"937","1399571767","Corruption"
"938","1731033501","job"
"939","11196557",""
"940","1610245430","Government debt"
"941","1483381443","inflation"
"942","1483237195","health care"
"943","187984596","cost of living"
"944","1871990951","health"
"945","1483333870","everything"
"946","162172099","Racism"
"947","1612975127","Inflation on a fixed income"
"948","187997637","more affordable cost of housing and basic needs"
"949","1483471880","job"
"950","1659692768","Environment"
"951","188019235","who to trust"
"952","179097967","Education"
"953","60502062","Housing"
"954","193439902","Higher minumim wage"
"955","193440558","equal"
"956","1484211311","Poverty"
"957","1483557044","Long term care for seniors"
"958","1695442456","Inflation"
"959","191354619","The state of Ontario's health care"
"960","160181247","Getting the economy back in shape"
"961","1683538944","economic recovery from covid"
"962","1483236587","Healthcare"
"963","191644123","Education system"
"964","1483548726","leader must think about people"
"965","184902721","price of gas"
"966","1585668569","Housing affordability"
"967","1484230475","ECONOMY"
"968","149722075","Inflation"
"969","1291594585","none"
"970","9544645","cost of housing"
"971","193478928","The provincial election are seriuos and fair"
"972","1483236070","health care"
"973","118770578","Tax"
"974","1483243248","long term care"
"975","119320409","The economy"
"976","175223808","Civil Liberties"
"977","188089642","System"
"978","137972132","No gud candidate"
"979","193576601","Education"
"980","193563385","Living expense, government efficiency and productivity"
"981","119469027","Child support"
"982","1483233992","Environmental protection"
"983","157929200","Covid"
"984","1483329818","covid"
"985","1482896715","health care"
"986","161052849",""
"987","1483367822"," health  benefits"
"988","1483241560","econmy"
"989","1483264338","Healthcare"
"990","1483529590","Better healthcare"
"991","1666453981","Inflation"
"992","72804815","inflation"
"993","1483538475","Inflation"
"994","193783968","Stopping Doug Ford from overdeveloping sensitive areas"
"995","1600819122","Health care"
"996","1658955511","economic recovery"
"997","1672482759","Inflation"
"998","1598817594","Cost of living"
"999","1404474514","Affordable housing"
"1000","1483234859","The party care about people, especially senior."
"1001","193244115","The environment and climate change"
"1002","185396563","cost of living in ontario"
"1003","1763368299","inflation"
"1004","193907711","Happiness"
"1005","132063546","inflation"
"1006","1875232537","inflation"
"1007","1483561981","Government overspending and oversubsidizing business and individuals who claimed being affected by COVID"
"1008","1556079011","Not let conservatives win"
"1009","1482904333","na"
"1010","1579091631","Cost of living"
"1011","18107381","Health care"
"1012","2013508313","the impotance of the person rulling"
"1013","1483472797","Law and order"
"1014","1227701265","inflation"
"1015","193939332","housing affordability"
"1016","1786157406","cost of living"
"1017","1483450498","None"
"1018","193984216","To be able to win the right official"
"1019","1482899160","Great"
"1020","193983963","taxes"
"1021","1482898483","Health Care"
"1022","194034901","Lowering the expense of living, increasing old age security, no one can live on just that these days"
"1023","38285242","Doug Ford constantly assisting his business partners and not working towards helping poor prople."
"1024","1589895646",""
"1025","",""
"1026","1569176171","crime and inflation"
"1027","177758094","Gas"
"1028","159220783","Getting Trudeau out"
"1029","186043445","I DON'T KNOW"
"1030","191174786","Housing prices"
"1031","187198500","racism"
"1032","",""
"1033","156191115","None"
"1034","192963538","question"
"1035","194686247",""
"1036","179381451","Ford not having a soul... Or a brain"
"1037","185149214","Healthcare"
"1038","1881562591","Unsure"
"1039","193002684","Nothing"
"1040","138815999","nothing specific"
"1041","126356740","Cost of living"
"1042","192423802","liberals dont win"
"1043","11310391","Education"
"1044","192615764","1"
"1045","184497029","Homelessness"
"1046","191387018","Housing Prices"
"1047","186533518","Doug ford not getting elected"
"1048","137217370","Promises"
"1049","192682138","Stress"
"1050","184640061","Inflation"
"1051","172999375","Ontario"
"1052","28889503","Unsure"
"1053","1958366449","Houses price rising"
"1054","125034589","Hi"
"1055","194029584","Not paying taxes out the houha"
"1056","194854590","This is interesting"
"1057","193264123","money"
"1058","193896751","Ges"
"1059","1536103083","availability of good paying jobs"
"1060","118972939","Money"
"1061","1828716481","Divides regarding action against inflation"
"1062","181059349","Gettint past covid and the housing market"
"1063","119016408","Nothing much to be stated by"
"1064","176759393","Celltweak 75,000 Celltweak Celltweak 75,000 I is I am a friend and I a am c"
"1065","194851452","Traffic"
"1066","82106259","Cost of living"
"1067","194940833","None"
"1068","194191406","Htfvbjurrddghi hrddgvv j bhggvbju htee"
"1069","130701048","LGBT rights/healthcare"
"1070","194953721","Housing"
"1071","194944180","I’m not sure"
"1072","181731213","I can’t afford to live anywhere"
"1073","118961481","None"
"1074","194334420","Health care change"
"1075","194985385","Affordable housing"
"1076","119366799","Housing"
"1077","194268703","the people running making false promises"
"1078","189251061","Buying house"
"1079","160454901","Transit"
"1080","195016881","Liberals"
"1081","195019578","Climate Change"
"1082","179919692","Housing affordability"
"1083","195038144","i don't really know"
"1084","186066346",""
"1085","188755155",""
"1086","126334295","Houses for low-income"
"1087","161309267","Action against climate change"
"1088","142052912","Enforcement"
"1089","185860381","Global pollution"
"1090","185858459","Affordable housing"
"1091","184171851","To help the people that are on welfare"
"1092","188715605","Money"
"1093","195089450","People"
"1094","195085543","Beautiful"
"1095","126257442","Combating COVID-19"
"1096","123465358",""
"1097","162364665","prices"
"1098","185806191","Bcsi disease surge 16th Kathie"
"1099","189545426","Combating COVID-19"
"1100","195321886","Me know when you"
"1101","195310457","They need to elect new prime ministers."
"1102","133179839","Taxes, public transit,"
"1103","1637859287","climate change"
"1104","300113","ytreyuh"
"1105","1736740973",""
"1106","195468265","كك"
"1107","194636820","Nothing"
"1108","",""
"1109","",""
"1110","150795761","Inflation"
"1111","132548771",""
"1112","82788040","same hypocrites with the same empty promises"
"1113","30559752","No"
"1114","30629063","cost of living"
"1115","185357728",""
"1116","124998476",""
"1117","160549031","Inflation"
"1118","30488141","The cost of living and a new government"
"1119","182244116",""
"1120","180936687",""
"1121","1720712492","Raising social assistance rates"
"1122","185875819","Unsure"
"1123","168768183","Cost of living (inflation, rent, minimum wage etc)"
"1124","447769","No corruption and transparency  in the government"
"1125","185938756",""
"1126","1564270751",""
"1127","195220428","Covid"
"1128","155800392","None"
"1129","1483397741","Inflation"
"1130","1694472066","Cost of living"
"1131","1552938857","HealthnCare"
"1132","1909207743","I do not know."
"1133","1482944800","Healthcare"
"1134","196146124","Cost of living for middle class"
"1135","193785414","health care"
"1136","155881145","Na"
"1137","1285363598","Housing affordability"
"1138","196140916","responsibility to citizens"
"1139","1483563559","Taxes"
"1140","1986160419","Handling the pandemic."
"1141","1483060393","Teachers being treated with more respect"
"1142","196127506","Education"
"1143","1483523717","government debt"
"1144","1483186914","Healthcare"
"1145","155866391","Honesty"
"1146","45140562","Health care"
"1147","1974117123","Inflation"
"1148","1483547075","honesty"
"1149","194620354","Getting a government elected that actually keeps its promises"
"1150","187034573","Inflation"
"1151","1586633980","Climate change"
"1152","165647788","What the government is going to do for senior citizens because costs are going up so much and we are not getting any extra money from the government to help compensate."
"1153","156334978","Good governance"
"1154","1870116070","Housing and transportation"
"1155","194653567","Lomg yerm care"
"1156","193971438","Easy"
"1157","1733395783","fair"
"1158","1940673574","Health care"
"1159","193950429","inflation"
"1160","194651188","Balance the Budget"
"1161","192160825","Government Debt and spending on feel good programs to get votes"
"1162","194014581","not interested"
"1163","1483059918","Climate change"
"1164","1483434430","Jobs"
"1165","170462445","decrease cost of living"
"1166","174123252","Social services being privatised."
"1167","1836691496","Overall lack of quality candidates"
"1168","193366897","The canadian economy, needs to be addressed to help boost it and reduce the cost of living and increase income levels."
"1169","1633098544","The provincial debt"
"1170","1483233058","address the rising cost of prices and dealing with increasing crime"
"1171","1483551994","Cut cost pay off the money Lib wasted"
"1172","184495532","Nothing Really"
"1173","1583171007","tax is too high"
"1174","1483534767","Availability of affordable housing"
"1175","1555823133","financial security for future generations"
"1176","173461070","High cost of living"
"1177","194717451","climate change"
"1178","118944998","Economy recovery"
"1179","1483481844","Remove all COVID restrictions"
"1180","1633313706","small business"
"1181","1483239809","inflation"
"1182","1483280832","Health care"
"1183","1633306338","Cost of living"
"1184","1595369622","Immigration"
"1185","1483550034","Inflation"
"1186","120206189","check"
"1187","135347306","I can’t vote"
"1188","196154897","Jobs/Taxes/Housing Prices"
"1189","129059666","The economic situation."
"1190","1483536618","defeating the PC's"
"1191","1457451494","Cost of living"
"1192","196148698","mask mandate"
"1193","1735866388","Covid health care"
"1194","194034563","The cost of living"
"1195","1614279288","FOOD INFLATION"
"1196","196153401","Housing Affordability"
"1197","167144531","Vhbb"
"1198","131023368","climate control"
"1199","1484541670","cost of living increase"
"1200","1483471866","Healthcare"
"1201","193970647","The economy and taxes."
"1202","190155569","Wages and taxes"
"1203","1828607721","economy"
"1204","195451900","cost of living"
"1205","119363643","Dealing with homeless people. Making it safe for them"
"1206","157027377","Getting rid of rhis ridiculous vaccine mandate"
"1207","1903018155","Cost of living and inflation"
"1208","75683985","I’m not sure"
"1209","194588888","no"
"1210","1483503048","Deficit"
"1211","1483493464","Climate change"
"1212","177586673","Making enough to live"
"1213","1483234799","health care for seniors"
"1214","1484548265","HEALTH CARE"
"1215","195394373","health care"
"1216","1483236294","Housing affordability"
"1217","1483413652","implation"
"1218","196153935","Cost of living"
"1219","1483234267","health care"
"1220","1483464039","invigorating the economy"
"1221","166680508","Housing market"
"1222","1483343198","economy"
"1223","1318057778","Housing"
"1224","172402845","Budgetting and prices"
"1225","1483371373","affordable housing"
"1226","1774963289","Health care ."
"1227","194678174","Inflation is the most important issue."
"1228","176201221","Issues affecting children"
"1229","194675770","cost of living"
"1230","1079007026","healthcare"
"1231","156236226","Education"
"1232","1414882701","Long-term heathcare"
"1233","1483242395","healthcare"
"1234","1483095216","to vote for conservatives"
"1235","190219361","Nursing wages"
"1236","1770372191","Healthcare"
"1237","119035901","Gbbb"
"1238","195626062","Higher wage, lower rent"
"1239","53050417","government debt"
"1240","1928619856","healthcare"
"1241","195612584","Keeping children and families safe from gun violence and hate. Have affordable housing for single parents & students"
"1242","194534144","Cost of living"
"1243","189713523","Education"
"1244","1483429644","health care"
"1245","1483556258","Rebuilding the economy"
"1246","194551214","Freedom of speech"
"1247","1483243067","cost of living"
"1248","1215663049","rising cost of living"
"1249","1483742547","high cost of living and pensions too low to keep up"
"1250","162916329","Affordable housing"
"1251","1483221251","Climate change"
"1252","181862439","I am for the people who can not afford living these days"
"1253","1621263277","Getting rid of all politicians and changing the entire system!"
"1254","1483312076","unnecessary violation of civil rights due to covid"
"1255","119068790","Social distancing"
"1256","1368198987","cost of living"
"1257","1934229849","Health care"
"1258","1694919729","Cost of housing"
"1259","1483565235","Healthcare"
"1260","1483531034","Healthcare"
"1261","193991320","Inflation"
"1262","195600046","Affordable housing and cost of living issues"
"1263","1581073998","high cost of living"
"1264","1483486571","not sure"
"1265","1483241848","the ineptitude of all the parties, and their leaders"
"1266","160575427","Medical system is very bad"
"1267","195389689","economy and deficit, inflation"
"1268","186089680","Freedom"
"1269","1483549517","finding a family doctor"
"1270","1697439544","Long term care"
"1271","1690974793","Financial economy"
"1272","172731087","Housing"
"1273","119005501","Housing price"
"1274","1483482642","inflation"
"1275","1318060004","Health care"
"1276","1035190","Oppurtunity for everyone due to covid."
"1277","172781919","Health care"
"1278","1482898146","Social Assistance Payment Limits"
"1279","138502030","To address the extreme polarization that seems to be occurring between the left and the right in Ontario. It's concerning. The Americanization of our system"
"1280","195682226",""
"1281","1483514889","Healthcare"
"1282","1483417389","more timely access healthcare services such as surgeries."
"1283","195467495","Inflation"
"1284","155808732","Lower taxes"
"1285","140070856","Cost of living."
"1286","1483121121","cost of living"
"1287","159479056","No one is talking about climate change"
"1288","189468995","Tax"
"1289","174893566","Housing crisis"
"1290","2007379490","Homelessness"
"1291","173135131","Raising odsp"
"1292","195485049","Gas prices"
"1293","134753865","Rising cost of inflation & affordability"
"1294","1106842194","Rising food cost"
"1295","118988284","Spending too much"
"1296","140223112","Individual autonomy"
"1297","1483526928","housing affordability"
"1298","1484204933","Having a party that is willing to keep our freedoms"
"1299","1483278444","Putting the budget in balance and boosting the economy."
"1300","1483229315","affordable housing"
"1301","195878048","I don't vote"
"1302","160163600","Healthcare"
"1303","195411497","Seniors issues."
"1304","193784799","Inflation"
"1305","195472165","Affordable housing"
"1306","164863144","Lack of real conservatives"
"1307","145692732","Don't identify with any party"
"1308","195603527","Lowering the cost of living"
"1309","1585660253","Gun control"
"1310","163928739","Not sure"
"1311","1483233778","fiscal deficit"
"1312","1483222171","cost of living"
"1313","1483497357","gun fire obstruction"
"1314","1658551311","cost of living"
"1315","194666797","Housing price"
"1316","1483239729","Housing Affordability"
"1317","142550293","Education"
"1318","173843090","Housing costs"
"1319","1746279780","affordability - housing, food, gas...etc"
"1320","182763179","The cost of fuel which affects the cost of living"
"1321","164159738","Inflation"
"1322","193952684","Affordability"
"1323","1483387576","inflation"
"1324","153854963","health"
"1325","196149587","Immigration and National security"
"1326","144933757","Economy"
"1327","1483238130","homelessness"
"1328","1986461488","inflation"
"1329","195667039",""
"1330","1776442607","Healthcare"
"1331","1994547298","Climate change"
"1332","1483235130","Affordable Housing"
"1333","1561467000","Climate Change"
"1334","1483530585","the environment"
"1335","1483547123","health care"
"1336","194765848","Idk"
"1337","1483552993","healthcare"
"1338","1923655123","Health, Educaion and the economy"
"1339","1483240541","inflation"
"1340","1835581519","climate change"
"1341","1482890330","No comment"
"1342","182221826","none"
"1343","1483307889","inflation"
"1344","1676225092","Healthcare"
"1345","1482960453","Economy"
"1346","1530065875","cost of housing"
"1347","1944758200","seniors"
"1348","194626441","Poverty"
"1349","193953456","Finding a way for average Ontarians to be able to work for a reasonable salary and buy a reasonably priced dwelling."
"1350","194553866","Inflation"
"1351","196171165","responsibility to citizens"
"1352","1483398874","Climate change"
"1353","1483533495","Health care."
"1354","1483233298","inflation"
"1355","1483551687",""
"1356","165909042","Everything"
"1357","196164699","School"
"1358","1483466613","cost of living"
"1359","152272293","HEALTHCARE"
"1360","1483528202","health care"
"1361","188817271","Cost of living"
"1362","92120868","Seniors"
"1363","1730963765","nic"
"1364","1483564509","Health care"
"1365","193390198","lots"
"1366","194692511","Inflation and taxes"
"1367","158071786","Inflation"
"1368","1901190449","House Rent increasing"
"1369","196178482","Dougford"
"1370","1484114497","cost of living"
"1371","1483242979","elder care"
"1372","1702006684","healthcare"
"1373","1483413613","economy"
"1374","196178614","Equal rights"
"1375","1483235724","Cost of living"
"1376","1483175130","the economy in ontario"
"1377","196166078","Kindness"
"1378","1605408115","Taxes"
"1379","1483431603","Everything"
"1380","1483564688","Climate change"
"1381","156224089","Covid-19"
"1382","155912039","Covid"
"1383","175292940","Inflation"
"1384","193937094","Cost of living & inflation"
"1385","196066997","The working ship"
"1386","1930845788","Cost of Living, Gas prices, food cost, carbon taxes too high"
"1387","196181159","honesty"
"1388","1575029080","CLIMATE CHNGE"
"1389","196182244","Not sure"
"1390","1591897261","NA"
"1391","195455074","Combating COVID-19"
"1392","153192165","rent"
"1393","196181853","Cost of living"
"1394","195564098","My right tk education!"
"1395","1483490704","Covid"
"1396","1483548909","the healthcare"
"1397","50330845","Housing and general affordability"
"1398","1483472016","healthcare"
"1399","1484555026","health care"
"1400","1483526242","Cost of living"
"1401","172142514","Affordability"
"1402","196150838","Inflation"
"1403","68929456","Don't know"
"1404","168073561","Cost of living"
"1405","172298369","Shgsvs"
"1406","194696119","none"
"1407","119210648","Na"
"1408","1483532055","the economy"
"1409","184627821","Climate change"
"1410","194668765","Inflation"
"1411","1483241971","Controling government waste/spending"
"1412","135360280","Justin Trudeau has got too go"
"1413","196087546","Infaltion"
"1414","1483231274","Crime"
"1415","1483300732","inflation"
"1416","119155476","Inflation"
"1417","196181461","I want there to be more funding and attention invested in providing good mental health care for those who need it"
"1418","1519660464","Inflation"
"1419","105178955","Health Care is the biggest issue."
"1420","178681224","The Economy"
"1421","1612762444","COST OF LIVING"
"1422","1483241160","na"
"1423","140364609","No digital Id program"
"1424","1710816933","Economy"
"1425","131287796","Politics"
"1426","1939906116","cost of living"
"1427","194763531","How the can solve the inflation????"
"1428","1625359871","Health care for 55 to 64 ages, long waiting  lists to see specialists"
"1429","159511418","Fraud"
"1430","45250919","enviroment"
"1431","187243411","Crime"
"1432","1483222145","Rising cost of living"
"1433","196187190","RENT"
"1434","195625275","Affordable housing"
"1435","1483210097","inflation"
"1436","124621556","How can we recover pandemic as a whole without increasing tax"
"1437","1166534282","INFLATION"
"1438","1484259929","debt"
"1439","1483225509","cost of housing"
"1440","1484176694","security"
"1441","174859507","That Liberal does not succeed."
"1442","180172021","Abortjon bab"
"1443","1132323237","Improvement to health care"
"1444","196187444","inflation. it needs to stop! there is to many of us struggling to keep up float"
"1445","38498929","affordable housing and the cost of living are both a important issue affects me personally."
"1446","1483547029","Climate change"
"1447","1850864257","reduce gas prices, carbon tax , income tax, food prices the list goes on......."
"1448","1202181058","Highway 413 should not be built."
"1449","194184334","Hjmmhi"
"1450","1483545218","inflation"
"1451","181692941","No more lies please"
"1452","196186797","Covid"
"1453","1610029632","I cease to income levels across the board to match the cost of living"
"1454","1483565383","Economy"
"1455","1483226215","Climate crisis"
"1456","196190219","Transit"
"1457","1367003687","Poverty"
"1458","1483471036","consevativesfocusing on Toronto"
"1459","1483404725","Cost of living"
"1460","7824454","Housing affordability"
"1461","119960614","Inflation"
"1462","195636865","Removing the Tories"
"1463","160502878","Inflation"
"1464","174781379","Improvement in education"
"1465","1483537030","everything"
"1466","180888574","Education"
"1467","196195513","Gas and Grocery Bill increasing"
"1468","1483237967","health care"
"1469","1483496577","Cost of living"
"1470","193996588","Affordable Housing and ODSP Rates"
"1471","196194555","Poverty"
"1472","1771359776","climate change/the environment"
"1473","172707932","Helping everyone"
"1474","178845694","None"
"1475","1764497307","HEALTH"
"1476","190918296","Living"
"1477","1483234744","healthcare"
"1478","135617125","Hhhhhhh"
"1479","1816750239","reduce tax paid"
"1480","179241893","Housing crisis"
"1481","173544088","Womens rights"
"1482","190724326","Pollution"
"1483","137713091","Inflation"
"1484","184633059","Hospital"
"1485","107898068","Health care"
"1486","1483233061","Don't know"
"1487","1904933842","All canidates for this coming election are horrible."
"1488","195586583","That the change they promise is actually done"
"1489","195761088","Average household income in gta is around 80 to 85 thousand dollars. The issue is hiking prices of property , house and stuff . The average prince of house , gas ,, and auto insurance is to high its like too much compared to other provinces."
"1490","169202973","Rent control"
"1491","196196945","Healthcare system"
"1492","196196521","Housing"
"1493","171200763","Inflation and cost of living"
"1494","1483494484","education"
"1495","194656734","Taxes"
"1496","196196392","Government spending"
"1497","191397501","m1kro being president"
"1498","159009443","Not sure"
"1499","1483252395","healthcare"
"1500","1768715621","."
"1501","167892415","environmental issues"
"1502","926674","cost of living"
"1503","176604336","Not sure"
"1504","1484108991","Free Speech, no forced mandates, affordable housing and getting the homeless off the streets and back in mental hospitals."
"1505","1751656769","Housing"
"1506","1483559668","Government debt and inflation"
"1507","181681330","Housing"
"1508","192266461","Healthcare, Taxes"
"1509","1483480814","Unemployment"
"1510","125807673","Combating COVID-19"
"1511","1990881097","reducing government debt"
"1512","196189847","rising cost of living"
"1513","1483236816","COVID"
"1514","127398308","Finance"
"1515","172286199","Edgcation"
"1516","193970091","We need to get ahead and thrive"
"1517","127085470","Don’t wanna answer"
"1518","124968660","Living expenses"
"1519","1521378295","TORONTO"
"1520","1788210458","THE HIGH PRICES OF FUEL"
"1521","194376800","Lies on promises made by parties"
"1522","196201487","Geared to income housing for the poor."
"1523","1483066998","COVID"
"1524","1483545145","Inflation"
"1525","1483560823","Economy"
"1526","1548284021","housing"
"1527","118945846","All the leaders are crooked. About better their own lives with personal gains, not their citizens."
"1528","1584151365","The environment"
"1529","135980412","N/A"
"1530","8694871","Affordable housing"
"1531","195870752","Taxes"
"1532","195771237","Not being able to tell who has our best interest at heart and who will do the very best for the country"
"1533","167667021","Housing prices"
"1534","161766185","Using tax payer money wisely"
"1535","1215119843","Budget"
"1536","195600678","Housing affordability"
"1537","1483440577","Immagrants"
"1538","1828878143","support for seniors"
"1539","1882743754","cost of living"
"1540","1692303348","Economy"
"1541","1483202114","cost of living"
"1542","144487574","Enviroment"
"1543","196206291","want new beauty"
"1544","138684344","Childcare"
"1545","1649965044","security"
"1546","191412405","Economic loss"
"1547","195735622","Honesty"
"1548","1483095658","Immigration"
"1549","1483229666","Rising costs"
"1550","193979092","Crime and violence"
"1551","1483491138","Crime"
"1552","196210398",""
"1553","193966393","Climate change issues"
"1554","1755013846","Investment in provincial infrastructure"
"1555","1483227632","Health care"
"1556","1483492825","raising ODSP."
"1557","1817495458","Richnond Hill"
"1558","194666354","Having someone that’s not going to destroy the green belt and farming communities for road and condo’s"
"1559","1483488374","After the party gets elected ,voter can't fire the elected member or question directly"
"1560","187545255",""
"1561","193977319","Inflation"
"1562","188386964","Nothing"
"1563","1483167350","inflation"
"1564","119383343","Jobs"
"1565","1482896728","roads and education"
"1566","156166938","Healthcare funding"
"1567","1483413375",""
"1568","191815549","Taxes we have to pay"
"1569","5452605","Gentrification"
"1570","1079012506","Healthcare"
"1571","196185544","affordable housing"
"1572","123782447","No one seem to really address the issues of afforable housing or if they do they never follow through"
"1573","196200531","Childcare costs"
"1574","180158364","Inflation"
"1575","196212483","Look nice"
"1576","1483558918","pandemic response"
"1577","118967184",""
"1578","1483355187","Homeless"
"1579","1483260890","economic recovery"
"1580","1484555176","Economics"
"1581","119082618","Cost of rent being able to qualify for a mortgage"
"1582","175038288","NONE"
"1583","1340808554","Inflation and rising costs of living"
"1584","194045057","Education"
"1585","166618889","Cost of living"
"1586","1705942892","n/a"
"1587","1992510235","healthcare"
"1588","193467405","Economy"
"1589","1919977321","The Liberals denying charter-protected rights…extremely concerning and makes me completely unwilling to vote for them"
"1590","1483240434","getting Reid of doug ford"
"1591","196211083","Housing prices"
"1592","192205243",""
"1593","1918638666","How the health care system is slowly falling apart and the front line workers are being mistmistreated"
"1594","176484424","Health Care"
"1595","1483366496","covid 19"
"1596","1483439524","climate change"
"1597","1483224747","deficit"
"1598","194711920","they all lie"
"1599","1903113445","Lower cost of living, fuels especially"
"1600","124301708","raising ODSP/OW rates & more help in general for low income persons"
"1601","126103879","Increase in income for odsp"
"1602","170735200","jobs"
"1603","179566137","health care"
"1604","189732755","To get rid of Doug Ford"
"1605","193990081","inflation"
"1606","1483534711","Education"
"1607","1483976176","ODSP rates"
"1608","1576335986",""
"1609","59165107","removing doug ford from office"
"1610","1341221153","Inflation"
"1611","195874894","Cost of living"
"1612","1527254392","Voter fraud"
"1613","84252035","No muslim community in oshawa"
"1614","166127655","Housing"
"1615","70270849",""
"1616","1483551360","Treatment of disabled citizens and their caregivers financially. Home care services."
"1617","187245053","Housing"
"1618","112446014","the operations that have  been delayed because of covid"
"1619","1281672415","Covid 19"
"1620","195275423","Tax"
"1621","195687735","Social Issues"
"1622","1483227990","economy"
"1623","1694465639","Inflation"
"1624","1595795454","jobs"
"1625","1483355303","Cost of living"
"1626","172914164","Job"
"1627","1562871403","COST OF LIVING"
"1628","196223592","Increase prices for every thing"
"1629","1790574004",""
"1630","130062566","Afforadable housing and help for seniors"
"1631","1483537664","Food"
"1632","1483364858","High cost of living"
"1633","1483468568","health"
"1634","194072113","To many taxes"
"1635","178720102","Raise minimum wage lower living cost"
"1636","1483563997","heath care"
"1637","170281872","Transparency"
"1638","1850310208","economics"
"1639","1483531370","Inflation"
"1640","192813805","The most important issue to me personally in the provincial election but I have to be there because it’s so important"
"1641","1830250664","cost of inflation"
"1642","196219082","Solutions for inflation prices"
"1643","187994367","Healthcare"
"1644","163430264","Grossly insufficient ODSP benefits."
"1645","196225287","Housing affordability"
"1646","1482968325","Housing affordability"
"1647","196212258",""
"1648","185314221","I’m not too sure"
"1649","194678239","Inflation rates"
"1650","194555636","Bill 124 being repealed"
"1651","1483236356","Inflation"
"1652","196223792","Housing affordability."
"1653","177478228","not sure"
"1654","1941921082","Poverty"
"1655","160711637","COVID"
"1656","119033591","Mental health support"
"1657","1483260773","housing"
"1658","104729137","segurity"
"1659","119945136","fixing inflation issues"
"1660","12709886","Education"
"1661","1690274706","cost of living"
"1662","1986485864","Poverty with low income people"
"1663","124998667","poor"
"1664","118940564","Inflation"
"1665","193989039","i no have important issue very good"
"1666","1602333320","Idk"
"1667","172710109","Getting back some normalcy in life"
"1668","195733924","Affordability"
"1669","196229926","Only affordable housing"
"1670","193947212","Dont know, won't vote, democracy isn't true anymore"
"1671","149218759","Health and hospital treatments are truly bad"
"1672","1755151867","The rising cost of living"
"1673","1483565630","senior benefits"
"1674","196232693","Meh"
"1675","157031954","Cost of living"
"1676","194604997","debt lowered"
"1677","1483233423","climate change"
"1678","120207623","Education"
"1679","192217159","covid 19 and the economy"
"1680","174761642","Health care"
"1681","1483563160","Public Transportation"
"1682","196235719","affordable housing"
"1683","129578149","Mental Health"
"1684","196237878","Taxes"
"1685","49290371","I dont know"
"1686","2013352302","The cost of living."
"1687","193300434","Crooked"
"1688","196241280","Ctctv"
"1689","174155246","Cost of living"
"1690","132086437","Inflation"
"1691","1483561732","None"
"1692","195124884","hes"
"1693","176111087","Gun violence"
"1694","196241513","Gas prices and cost of living"
"1695","195021710","sdf"
"1696","1454263012","Healthcare"
"1697","130038745","Jstin tredeau out"
"1698","122689477","Housing"
"1699","195063258","Housing"
"1700","136581689","Cost of living"
"1701","196237007","Spending tax dollars"
"1702","135963821","Nothing to be honest"
"1703","172730944","Jsjsjs"
"1704","1483280405","gas prices"
"1705","174253536","Healthcare"
"1706","187494450","price of housing"
"1707","1483536863","increase assistance for those receiving odsp"
"1708","196243705","Healthcare"
"1709","119004878","Too many elections"
"1710","193306145","cost of living"
"1711","194061870","Healthcare"
"1712","196216463","Housing cost"
"1713","1483691522","inflation, taxes"
"1714","175416331","Everything"
"1715","1483240670","climate change"
"1716","184590590","Handling of social issues"
"1717","195024163","Affordability to live"
"1718","141737566","Getting the liberals out of office"
"1719","177159872","Getting doug ford out of office"
"1720","1483307900","job"
"1721","196235847","Peace"
"1722","196102866","cost of living"
"1723","1800940625","my best favourit holliday ia the"
"1724","155773349","Health care"
"1725","1757809691","ok"
"1726","103375156","equality"
"1727","196240684","cuts"
"1728","1482982592","house taxes"
"1729","194934754","Inflation put of control"
"1730","190825364","Prime minister"
"1731","176838345","Inflation"
"1732","195175200","none really"
"1733","1482995598","Cost of living.. rent, groceries, gas"
"1734","2004246048","na"
"1735","89948330","RACIAL"
"1736","196259082","Housing crisis"
"1737","191321899","Supportive resources"
"1738","196166185","Cost of living"
"1739","192911186","Healthcare"
"1740","195436373","climate change"
"1741","194923474","Environment, housing, mental health, protecting abortion rights"
"1742","139773221","Freedom"
"1743","196200785","Covid"
"1744","193231377","Social security and privacy"
"1745","196266255",""
"1746","171448859","Affordable housing"
"1747","1483341487","The economy and taxes"
"1748","121823323","Climate change"
"1749","179804299","Environment"
"1750","196157274","Lack of structure"
"1751","190550259","Mental Health and homelessness"
"1752","195325304","Affordable gas and food"
"1753","196267682","I work hard"
"1754","155918828","Cost of living"
"1755","128456764","Economic"
"1756","196262499","JGHJGH"
"1757","1483556524","Na"
"1758","56071349","government overreach, segregation, vaccine passports, etc are all horrible and need to be removed"
"1759","1483085951","Inflation"
"1760","196261857","crime"
"1761","1662176872","The most important issue is the cost of living."
"1762","146689312","Lower tax"
"1763","1483425808","Cost of living"
"1764","14955724","Education"
"1765","189251522","Social media puts pressure on who to vote"
"1766","161657299","Health care"
"1767","180544051","Affordability"
"1768","1483236288","education"
"1769","145778519","Making houses cheaper affordable living"
"1770","118728520","n/a"
"1771","196262506","JGHJGH"
"1772","196274392","Affordable housing and student debt."
"1773","1483155136","immigration"
"1774","195087927","Climate"
"1775","189243570","Getting Ford out"
"1776","196262570","JGHJGH"
"1777","196266052","JGHJGH"
"1778","196264882","JGHJGH"
"1779","196265341","JGHJGH"
"1780","196262572","JGHJGH"
"1781","196262567","JGHJGH"
"1782","194958393","Tax"
"1783","196264707","JGHJGH"
"1784","161596255","Health care"
"1785","195990448","ecoomy"
"1786","193622932","The most important issue to my personally in this provincial election is privacy"
"1787","187607811","I feel that these current imbeciles running for office are not putting out information that people want to hear"
"1788","195429915","Debt"
"1789","194731871","Nothing"
"1790","1484139444","Violence"
"1791","196283886","Nothing"
"1792","195634089","healthcare"
"1793","1483557670","me"
"1794","1482927723","living costs , we need something to happen"
"1795","1745818448",""
"1796","195109398","Cost of living"
"1797","1884973833","housing"
"1798","120863563","Healthcare"
"1799","1835727081","No comments"
"1800","176275488","Workforce"
"1801","182922431","First Nations issues, Housing, cost of living"
"1802","193938567","Inflation the cost of living"
"1803","176516513","environmental/housing"
"1804","196295163","Education"
"1805","196293497","Seniors"
"1806","196291614","Cost of living in comparison to wage/salary"
"1807","196294154","that we all die"
"1808","195493432","Affordable housing"
"1809","193344299","Housing"
"1810","196287483","Raises for ODSP recipients and affordable housing"
"1811","119080587","COVID-19"
"1812","196127501","Cost of living"
"1813","1483259372","n/a"
"1814","39819685","Getting the economy back to normal"
"1815","1728982420","Cost of living"
"1816","1484270246","Social care"
"1817","39893053","Poverty"
"1818","192190313","PERMANENTLY DISABLED PEOPLE SHOULD HAVE AN INCOME ABOVE THE POVERTY LINE"
"1819","190670838","Equality and quality if life."
"1820","121332039","Internet"
"1821","182322699","Healthcare"
"1822","57899133","to get rid of vax requirements"
"1823","195661233","Inflation"
"1824","132228013","Raise hourly wages"
"1825","1483438585","Corrupt government"
"1826","190032831","Housing and food costs"
"1827","4856443","healthcare"
"1828","1637743113",""
"1829","196294580",""
"1830","1483240208","safety and security"
"1831","1483430282","inflation"
"1832","166827904","education and medical facility"
"1833","196306628","I don’t vote"
"1834","183861138","Racial Injustice"
"1835","135879709","None"
"1836","119244034","Economy"
"1837","1936490334","unemployement"
"1838","1762338548","Housing market"
"1839","196284241",""
"1840","186193541","Fairness"
"1841","127478012","Cost of living/ affordable housing"
"1842","196311672","Housing"
"1843","129595225","Rising interest rate"
"1844","181144704","Healthcare"
"1845","55230632","  Iwont to say health care but for now thats #2 problem, #1 is keeping a roof over my head and food on the table inflation is a dangerous thing. For example my credit line went from 7.55 intrest to 8.5 it seems small when you are counting every penny as it is then you count how inflation has raised eveything else you find out your budget is now useless and you need to remove items from your budget or you wont be able to do whatyou need to do"
"1846","1161684667","Inflation"
"1847","167044401","Inflation"
"1848","1628962766","minimum wage"
"1849","118799803","Lower taxes"
"1850","151257351","High inflation"
"1851","40414942","employment"
"1852","196315600","Cutbacks on getting back on your feet programs amongst countless others"
"1853","123844281","Affordable housing"
"1854","156306789","immigration"
"1855","1484163663","Cost of living"
"1856","163131529","lowering of tax"
"1857","196319983","quality"
"1858","1581307413","affordable housing and general cost of living."
"1859","193260245","Trudeau is scary and rude"
"1860","159891129","Cost of living"
"1861","196305506","don't know"
"1862","196313420","Inflation"
"1863","195784137","Housing affordability"
"1864","196333656","Loyalty"
"1865","176341975","Ford winning"
"1866","195837822","i am not sure"
"1867","196311894","none"
"1868","195451532","affording groceries"
"1869","195471237","future lockdowns"
"1870","194972851","No complaints"
"1871","1483143588","healthcare"
"1872","196345522","Trust"
"1873","1611921639","Affordability"
"1874","195534504","Affordable housing"
"1875","177109950","Health care"
"1876","1483537005","Healthcare"
"1877","1687760819","the covid-19 pandemic"
"1878","153777275","Cost of living"
"1879","176124447","Housing"
"1880","194311803","Expensive"
"1881","194034271","Cost of living"
"1882","190870451","Medicare"
"1883","194264627","Housing"
"1884","1483236779","Taxes"
"1885","119069976","How badly they handled covid 19 pandemic"
"1886","163060533","climate change"
"1887","2005364167","Taxes and cost of living for seniors"
"1888","170668981","Oil"
"1889","119151847","Nothing"
"1890","150399249",""
"1891","30876186",""
"1892","190539861","inflation"
"1893","1814458082","gas prices"
"1894","179372778","I’m not sure at the moment"
"1895","1483564224","inflation"
"1896","52941441","Mandate letter which were hidden by Doug Ford"
"1897","119399994","Gas price"
"1898","30570686","not sure"
"1899","160149606","Not any pomises fullfilled"
"1900","196368084","Accountability"
"1901","30878200",""
"1902","192192927","34"
"1903","1920380353","Rent control"
"1904","174337350",""
"1905","1483518717","no idea"
"1906","146737236","Taxes"
"1907","161600957",""
"1908","30482859","Health Care"
"1909","30641511","affordable housing"
"1910","150356929","No comment"
"1911","30685269","Seniors care"
"1912","150764811",""
"1913","196387050","Who to vote"
"1914","1696008105","Lowering personal income tax"
"1915","30474013","Healthcare"
"1916","1484287891","Good"
"1917","189540584",""
"1918","1700502607","Cost of living is fucking ridiculous"
"1919","45122518",""
"1920","1731365564","Remove Doug Ford"
"1921","185703667",""
"1922","190816301","Real estate prices"
"1923","193946153","homeless"
"1924","30608365","Prices for everything going up"
"1925","169971519","They need to put in more housing"
"1926","30740642","Health care to me is the most important issue in this election we should carry on as it is but put more money into it to make it more reliable"
"1927","30514991",""
"1928","196060359","Ukraine war"
"1929","183431789","Covid restrictions"
"1930","131480033","Mental health accessibility"
"1931","196400289","Inflation"
"1932","196003427","Covid-19"
"1933","1711279988","Climate change"
"1934","1482906689","Affordability"
"1935","30786298","housing"
"1936","122670490","Taxes"
"1937","14171923","Homelessness"
"1938","135335731","Seniors the totally ignored population demograghic"
"1939","30637958","Healthcare"
"1940","30496539","Lowering gas prices"
"1941","190536850",""
"1942","125177215",""
"1943","195046941","That I'm not clear on what I'm getting"
"1944","182761376","Living expenses"
"1945","44794916","better wages"
"1946","1933676176","Inflation"
"1947","188936810",""
"1948","196415498","Lack of candidates therefore lack choices"
"1949","30526746","economy"
"1950","163090814","Health care"
"1951","177473606","Housing costs"
"1952","104419653","Environment"
"1953","1711260258",""
"1954","1570104650","covid 19 health issues"
"1955","30890499","Emigrants"
"1956","156847953","Health"
"1957","190221419","The candidates"
"1958","80714477","Housing"
"1959","1483542278","Inflation rate is too high"
"1960","126878831","Inflation, Cost of living increases"
"1961","30527894",""
"1962","30490800","I'm not sure at this point, there are many"
"1963","182821728",""
"1964","30771229",""
"1965","156586015","Education"
"1966","119993103","Covid"
"1967","73349351","TAXES"
"1968","175110055","Property prices"
"1969","1483060841","Health Care"
"1970","1483479942","Odsp increase"
"1971","1482927892","Climate change"
"1972","190696542",""
"1973","1483265316","d"
"1974","1483537959","public safety and crime eradication"
"1975","1543352111","Housing affordability"
"1976","1078468911","inflation/cost of living"
"1977","1895925645","climate change and its impacts"
"1978","171238848","All the options aren’t good to pick from"
"1979","196458012","Cost of living"
"1980","78462018","Cost of living"
"1981","173773264","Affordable lifestyle"
"1982","35321616","Housing affordability"
"1983","1483433875","Miney"
"1984","1579098315","Taxes"
"1985","1483547820","on"
"1986","195928173",""
"1987","194536305","Health Care is the biggest issue, lack of nurses, possible privatization. with a long list"
"1988","30662859","inflation"
"1989","1592614848","Rent control"
"1990","175353256","Housing affordability"
"1991","196510277","I have no issues"
"1992","1483313534","pandemic"
"1993","196516126",""
"1994","1483557553","Ethics in government"
"1995","1483511672","tax"
"1996","1436353474","Housing"
"1997","1483229274","Health Care"
"1998","1285500394","cost of living"
"1999","193509308","Justin Trudeau"
"2000","196521768","Climate change"
"2001","108213076","Cannot recall"
"2002","1483505637","oijjjij"
"2003","193105239","I would rather not have new high ways built"
"2004","196561530","IDK"
"2005","192862777","Money"
"2006","186030324","boring campaigns"
"2007","160987091","I don't know"
"2008","196423678","Affordable housing"
"2009","196583106","Inflation rate"
"2010","143966659","None really"
"2011","118730365","Climate"
"2012","196601094","Mhgvn"
"2013","196608765","Nothin rlly"
"2014","148357625","No"
"2015","196646600",""
"2016","196659474","I don’t have one"
"2017","188253103","Id"
"2018","138970142","For people to staighodtgffg I’ll ok go iii"
"2019","1483552340","housing"
"2020","191515970","Housing market help"
"2021","132079313",""
"2022","1483233992","Income inequality"
"2023","156162042","Thank"
"2024","1483302238",""
"2025","1739773371",""
"2026","1949649073","Reopening Ontario  after Covid"
"2027","1483231160","Economy"
"2028","1483466379","economy"
"2029","1391940449",""
"2030","1483228557","inflation"
"2031","190886435","Housing"
"2032","155775692",""
"2033","1483458132","Keep the Liberals and NDP out"
"2034","1483992467",""
"2035","167858862","Medical freedom"
"2036","175348563","employment practices."
"2037","1675765432",""
"2038","191958718","Making better points and doing better things"
"2039","1633394417",""
"2040","52628327",""
"2041","137189671","Housing affordability"
"2042","1798598060","Education"
"2043","1483453671",""
"2044","157088508","Housing prices"
"2045","1484199619",""
"2046","119060154",""
"2047","186753941",""
"2048","119057121","Affordable housing"
"2049","150206924","Inflation"
"2050","7439617","safety"
"2051","192970331",""
"2052","2008288169","Affordable housing"
"2053","1378236239","Inflation"
"2054","1370933204",""
"2055","185958110","Affordable housing for low income people."
"2056","1483564083","Healthcare"
"2057","74726765","Healthcare"
"2058","1968435214","9781401385996  Newhart, Bob. I Shouldn't Even Be Doing This! (p. 237). Hachette Books. Kindle Edition."
"2059","1483528296",""
"2060","182459807",""
"2061","1771469046","inflation"
"2062","1530114638","Seniors care"
"2063","1483367822",""
"2064","1730964420","Taxes"
"2065","1482996523","Healthcare"
"2066","4043585",""
"2067","192098389",""
"2068","174187924","The soaring cost of living, including gas, food, housing, and pretty much everthing else"
"2069","1976938955","Affordability prices of food & gas"
"2070","300124","egsgsgs"
"2071","1768189732","None"
"2072","194377515",""
"2073","188603246","covids"
"2074","59492790",""
"2075","188613841",""
"2076","186744274",""
"2077","190781598",""
"2078","194722634",""
"2079","194792687","Healthcare"
"2080","194744478",""
"2081","192281213",""
"2082","194924699","nothjng really"
"2083","194932469",""
"2084","130942803","Schools kids petrol"
"2085","122147249","Idk"
"2086","195435177","bringing down the cost of living and taxation"
"2087","194570456","Good"
"2088","119275710","To vote u like"
"2089","2013636944","COVID definitely"
"2090","1776945687","healthcare"
"2091","1499593140","Budget"
"2092","1483248713","No comment"
"2093","1974347306","Education"
"2094","1940572616",""
"2095","1635143897",""
"2096","147229484","Taxes"
"2097","195727162","Improvements to healthcare"
"2098","1628245124","LTC"
"2099","1602646118","Poverty"
"2100","1483241651","Economy"
"2101","194637263","Honest and transparent government.....not corrupt!!"
"2102","122376969","Mental healthcare"
"2103","1483226119","healthcare"
"2104","196161465",""
"2105","1628436304","no comment"
"2106","172781919",""
"2107","157353567","It’s ok"
"2108","1483374199","life affordability"
"2109","1483232308","Dk"
"2110","1483547784","Cost of living"
"2111","194772429","Democracy is for the people, of the people, and by the people, so I think that people need to have more say."
"2112","191132359",""
"2113","194009252",""
"2114","1483552234",""
"2115","1483538235","The economy and provincial debt"
"2116","183829004",""
"2117","1483388771","Seniors health care"
"2118","157378908",""
"2119","195073010","Health care"
"2120","126876400",""
"2121","118934511","Healthcare"
"2122","120484090","Taxes"
"2123","1483537030",""
"2124","1633370767","economy"
"2125","143949432","Affordable housing"
"2126","194694629","Children"
"2127","1483545187","gas prices"
"2128","147289589","Affordable housing, lower taxes, lower gas prices, increasing O.W"
"2129","1483422043",""
"2130","194755101","none"
"2131","172144813","Health Care"
"2132","1483237324",""
"2133","195728485","The issue is to the candidates supporters going from house to house trying to get support it not really nice , we have various media which we can do that."
"2134","196212059","Inflation"
"2135","1483543691","Cost of living"
"2136","157923457","Climate change"
"2137","130753512","Make living affordable for everyone"
"2138","194587071","Healthcare"
"2139","196221754","Equality and quality of life"
"2140","157085275","Gun violence"
"2141","157093668","Housing affordability"
"2142","121709388","That what the people say THAY do"
"2143","196260506",""
"2144","195155746","Affordability to living. Eg. Rent, food"
"2145","196266747",""
"2146","189142895",""
"2147","183075580",""
"2148","188467757","education"
"2149","1710767617","None, I don't vote."
"2150","196290154","Education"
"2151","1732557761","Affordability"
"2152","193960281",""
"2153","196287496","Rather not answer"
"2154","189898182","Women’s Health / Housing"
"2155","176339653","not sure"
"2156","142058048","right person"
"2157","194187275","Economy"
"2158","159547724","Health care"
"2159","196352211",""
"2160","194947198","gas prices and the prices of houses"
"2161","196378661",""
"2162","1482898128","affordable housing"
"2163","1670766956","POVERTY"
"2164","1132359523",""
"2165","1879036824","income"
"2166","194364191","Cutting corners"
"2167","185302988","idk"
"2168","1718724015",""
"2169","196471503","Housing cost and the pointless system we call inflation"
"2170","196475276","Rental prices and food prices"
"2171","131482332","Getting liberals out"
"2172","1482947776",""
"2173","1632423531",""
"2174","193902119","idk"
"2175","1483944445","Medications not costing as much money to purchase."
"2176","1632744926","Poverty and inequality"
"2177","1115921814","Climate change issues - not enough changes has been done in my city and in Canada as whole country"
